index,job_id
0,ID0000001
1,ID0000002
2,ID0000003
3,ID0000004
4,ID0000005
5,ID0000006
6,ID0000007
7,ID0000008
8,ID0000009
9,ID0000010
10,ID0000011
11,ID0000012
12,ID0000013
13,ID0000014
14,ID0000015
15,ID0000016
16,ID0000017
17,ID0000018
18,ID0000019
19,ID0000020
20,ID0000021
21,ID0000022
22,ID0000023
23,ID0000024
24,ID0000025
25,ID0000026
26,ID0000027
27,ID0000028
28,ID0000029
29,ID0000030
30,ID0000031
31,ID0000032
32,ID0000033
33,ID0000034
34,ID0000035
35,ID0000036
36,ID0000037
37,ID0000038
38,ID0000039
39,ID0000040
40,ID0000041
41,ID0000042
42,ID0000043
43,ID0000044
44,ID0000045
45,ID0000046
46,ID0000047
47,ID0000048
48,ID0000049
49,ID0000050
50,ID0000051
51,ID0000052
52,ID0000053
53,ID0000054
54,ID0000055
55,ID0000056
56,ID0000057
57,ID0000058
58,ID0000059
59,ID0000060
60,ID0000061
61,ID0000062
62,ID0000063
63,ID0000064
64,ID0000065
65,ID0000066
66,ID0000067
67,ID0000068
68,ID0000069
69,ID0000070
70,ID0000071
71,ID0000072
72,ID0000073
73,ID0000074
74,ID0000075
75,ID0000076
76,ID0000077
77,ID0000078
78,ID0000079
79,ID0000080
80,ID0000081
81,ID0000082
82,ID0000083
83,ID0000084
84,ID0000085
85,ID0000086
86,ID0000087
87,ID0000088
88,ID0000089
89,ID0000090
90,ID0000091
91,ID0000092
92,ID0000093
93,ID0000094
94,ID0000095
95,ID0000096
96,ID0000097
97,ID0000098
98,ID0000099
99,ID0000100
100,ID0000101
101,ID0000102
102,ID0000103
103,ID0000104
104,ID0000105
105,ID0000106
106,ID0000107
107,ID0000108
108,ID0000109
109,ID0000110
110,ID0000111
111,ID0000112
112,ID0000113
113,ID0000114
114,ID0000115
115,ID0000116
116,ID0000117
117,ID0000118
118,ID0000119
119,ID0000120
120,ID0000121
121,ID0000122
122,ID0000123
123,ID0000124
124,ID0000125
125,ID0000126
126,ID0000127
127,ID0000128
128,ID0000129
129,ID0000130
130,ID0000131
131,ID0000132
132,ID0000133
133,ID0000134
134,ID0000135
135,ID0000136
136,ID0000137
137,ID0000138
138,ID0000139
139,ID0000140
140,ID0000141
141,ID0000142
142,ID0000143
143,ID0000144
144,ID0000145
145,ID0000146
146,ID0000147
147,ID0000148
148,ID0000149
149,ID0000150
150,ID0000151
151,ID0000152
152,ID0000153
153,ID0000154
154,ID0000155
155,ID0000156
156,ID0000157
157,ID0000158
158,ID0000159
159,ID0000160
160,ID0000161
161,ID0000162
162,ID0000163
163,ID0000164
164,ID0000165
165,ID0000166
166,ID0000167
167,ID0000168
168,ID0000169
169,ID0000170
170,ID0000171
171,ID0000172
172,ID0000173
173,ID0000174
174,ID0000175
175,ID0000176
176,ID0000177
177,ID0000178
178,ID0000179
179,ID0000180
180,ID0000181
181,ID0000182
182,ID0000183
183,ID0000184
184,ID0000185
185,ID0000186
186,ID0000187
187,ID0000188
188,ID0000189
189,ID0000190
190,ID0000191
191,ID0000192
192,ID0000193
193,ID0000194
194,ID0000195
195,ID0000196
196,ID0000197
197,ID0000198
198,ID0000199
199,ID0000200
200,ID0000201
201,ID0000202
202,ID0000203
203,ID0000204
204,ID0000205
205,ID0000206
206,ID0000207
207,ID0000208
208,ID0000209
209,ID0000210
210,ID0000211
211,ID0000212
212,ID0000213
213,ID0000214
214,ID0000215
215,ID0000216
216,ID0000217
217,ID0000218
218,ID0000219
219,ID0000220
220,ID0000221
221,ID0000222
222,ID0000223
223,ID0000224
224,ID0000225
225,ID0000226
226,ID0000227
227,ID0000228
228,ID0000229
229,ID0000230
230,ID0000231
231,ID0000232
232,ID0000233
233,ID0000234
234,ID0000235
235,ID0000236
236,ID0000237
237,ID0000238
238,ID0000239
239,ID0000240
240,ID0000241
241,ID0000242
242,ID0000243
243,ID0000244
244,ID0000245
245,ID0000246
246,ID0000247
247,ID0000248
248,ID0000249
249,ID0000250
250,ID0000251
251,ID0000252
252,ID0000253
253,ID0000254
254,ID0000255
255,ID0000256
256,ID0000257
257,ID0000258
258,ID0000259
259,ID0000260
260,ID0000261
261,ID0000262
262,ID0000263
263,ID0000264
264,ID0000265
265,ID0000266
266,ID0000267
267,ID0000268
268,ID0000269
269,ID0000270
270,ID0000271
271,ID0000272
272,ID0000273
273,ID0000274
274,ID0000275
275,ID0000276
276,ID0000277
277,ID0000278
278,ID0000279
279,ID0000280
280,ID0000281
281,ID0000282
282,ID0000283
283,ID0000284
284,ID0000285
285,ID0000286
286,ID0000287
287,ID0000288
288,ID0000289
289,ID0000290
290,ID0000291
291,ID0000292
292,ID0000293
293,ID0000294
294,ID0000295
295,ID0000296
296,ID0000297
297,ID0000298
298,ID0000299
299,ID0000300
300,ID0000301
301,ID0000302
302,ID0000303
303,ID0000304
304,ID0000305
305,ID0000306
306,ID0000307
307,ID0000308
308,ID0000309
309,ID0000310
310,ID0000311
311,ID0000312
312,ID0000313
313,ID0000314
314,ID0000315
315,ID0000316
316,ID0000317
317,ID0000318
318,ID0000319
319,ID0000320
320,ID0000321
321,ID0000322
322,ID0000323
323,ID0000324
324,ID0000325
325,ID0000326
326,ID0000327
327,ID0000328
328,ID0000329
329,ID0000330
330,ID0000331
331,ID0000332
332,ID0000333
333,ID0000334
334,ID0000335
335,ID0000336
336,ID0000337
337,ID0000338
338,ID0000339
339,ID0000340
340,ID0000341
341,ID0000342
342,ID0000343
343,ID0000344
344,ID0000345
345,ID0000346
346,ID0000347
347,ID0000348
348,ID0000349
349,ID0000350
350,ID0000351
351,ID0000352
352,ID0000353
353,ID0000354
354,ID0000355
355,ID0000356
356,ID0000357
357,ID0000358
358,ID0000359
359,ID0000360
360,ID0000361
361,ID0000362
362,ID0000363
363,ID0000364
364,ID0000365
365,ID0000366
366,ID0000367
367,ID0000368
368,ID0000369
369,ID0000370
370,ID0000371
371,ID0000372
372,ID0000373
373,ID0000374
374,ID0000375
375,ID0000376
376,ID0000377
377,ID0000378
378,ID0000379
379,ID0000380
380,ID0000381
381,ID0000382
382,ID0000383
383,ID0000384
384,ID0000385
385,ID0000386
386,ID0000387
387,ID0000388
388,ID0000389
389,ID0000390
390,ID0000391
391,ID0000392
392,ID0000393
393,ID0000394
394,ID0000395
395,ID0000396
396,ID0000397
397,ID0000398
398,ID0000399
399,ID0000400
400,ID0000401
401,ID0000402
402,ID0000403
403,ID0000404
404,ID0000405
405,ID0000406
406,ID0000407
407,ID0000408
408,ID0000409
409,ID0000410
410,ID0000411
411,ID0000412
412,ID0000413
413,ID0000414
414,ID0000415
415,ID0000416
416,ID0000417
417,ID0000418
418,ID0000419
419,ID0000420
420,ID0000421
421,ID0000422
422,ID0000423
423,ID0000424
424,ID0000425
425,ID0000426
426,ID0000427
427,ID0000428
428,ID0000429
429,ID0000430
430,ID0000431
431,ID0000432
432,ID0000433
433,ID0000434
434,ID0000435
435,ID0000436
436,ID0000437
437,ID0000438
438,ID0000439
439,ID0000440
440,ID0000441
441,ID0000442
442,ID0000443
443,ID0000444
444,ID0000445
445,ID0000446
446,ID0000447
447,ID0000448
448,ID0000449
449,ID0000450
450,ID0000451
451,ID0000452
452,ID0000453
453,ID0000454
454,ID0000455
455,ID0000456
456,ID0000457
457,ID0000458
458,ID0000459
459,ID0000460
460,ID0000461
461,ID0000462
462,ID0000463
463,ID0000464
464,ID0000465
465,ID0000466
466,ID0000467
467,ID0000468
468,ID0000469
469,ID0000470
470,ID0000471
471,ID0000472
472,ID0000473
473,ID0000474
474,ID0000475
475,ID0000476
476,ID0000477
477,ID0000478
478,ID0000479
479,ID0000480
480,ID0000481
481,ID0000482
482,ID0000483
483,ID0000484
484,ID0000485
485,ID0000486
486,ID0000487
487,ID0000488
488,ID0000489
489,ID0000490
490,ID0000491
491,ID0000492
492,ID0000493
493,ID0000494
494,ID0000495
495,ID0000496
496,ID0000497
497,ID0000498
498,ID0000499
499,ID0000500
500,ID0000501
501,ID0000502
502,ID0000503
503,ID0000504
504,ID0000505
505,ID0000506
506,ID0000507
507,ID0000508
508,ID0000509
509,ID0000510
510,ID0000511
511,ID0000512
512,ID0000513
513,ID0000514
514,ID0000515
515,ID0000516
516,ID0000517
517,ID0000518
518,ID0000519
519,ID0000520
520,ID0000521
521,ID0000522
522,ID0000523
523,ID0000524
524,ID0000525
525,ID0000526
526,ID0000527
527,ID0000528
528,ID0000529
529,ID0000530
530,ID0000531
531,ID0000532
532,ID0000533
533,ID0000534
534,ID0000535
535,ID0000536
536,ID0000537
537,ID0000538
538,ID0000539
539,ID0000540
540,ID0000541
541,ID0000542
542,ID0000543
543,ID0000544
544,ID0000545
545,ID0000546
546,ID0000547
547,ID0000548
548,ID0000549
549,ID0000550
550,ID0000551
551,ID0000552
552,ID0000553
553,ID0000554
554,ID0000555
555,ID0000556
556,ID0000557
557,ID0000558
558,ID0000559
559,ID0000560
560,ID0000561
561,ID0000562
562,ID0000563
563,ID0000564
564,ID0000565
565,ID0000566
566,ID0000567
567,ID0000568
568,ID0000569
569,ID0000570
570,ID0000571
571,ID0000572
572,ID0000573
573,ID0000574
574,ID0000575
575,ID0000576
576,ID0000577
577,ID0000578
578,ID0000579
579,ID0000580
580,ID0000581
581,ID0000582
582,ID0000583
583,ID0000584
584,ID0000585
585,ID0000586
586,ID0000587
587,ID0000588
588,ID0000589
589,ID0000590
590,ID0000591
591,ID0000592
592,ID0000593
593,ID0000594
594,ID0000595
595,ID0000596
596,ID0000597
597,ID0000598
598,ID0000599
599,ID0000600
600,ID0000601
601,ID0000602
602,ID0000603
603,ID0000604
604,ID0000605
605,ID0000606
606,ID0000607
607,ID0000608
608,ID0000609
609,ID0000610
610,ID0000611
611,ID0000612
612,ID0000613
613,ID0000614
614,ID0000615
615,ID0000616
616,ID0000617
617,ID0000618
618,ID0000619
619,ID0000620
620,ID0000621
621,ID0000622
622,ID0000623
623,ID0000624
624,ID0000625
625,ID0000626
626,ID0000627
627,ID0000628
628,ID0000629
629,ID0000630
630,ID0000631
631,ID0000632
632,ID0000633
633,ID0000634
634,ID0000635
635,ID0000636
636,ID0000637
637,ID0000638
638,ID0000639
639,ID0000640
640,ID0000641
641,ID0000642
642,ID0000643
643,ID0000644
644,ID0000645
645,ID0000646
646,ID0000647
647,ID0000648
648,ID0000649
649,ID0000650
650,ID0000651
651,ID0000652
652,ID0000653
653,ID0000654
654,ID0000655
655,ID0000656
656,ID0000657
657,ID0000658
658,ID0000659
659,ID0000660
660,ID0000661
661,ID0000662
662,ID0000663
663,ID0000664
664,ID0000665
665,ID0000666
666,ID0000667
667,ID0000668
668,ID0000669
669,ID0000670
670,ID0000671
671,ID0000672
672,ID0000673
673,ID0000674
674,ID0000675
675,ID0000676
676,ID0000677
677,ID0000678
678,ID0000679
679,ID0000680
680,ID0000681
681,ID0000682
682,ID0000683
683,ID0000684
684,ID0000685
685,ID0000686
686,ID0000687
687,ID0000688
688,ID0000689
689,ID0000690
690,ID0000691
691,ID0000692
692,ID0000693
693,ID0000694
694,ID0000695
695,ID0000696
696,ID0000697
697,ID0000698
698,ID0000699
699,ID0000700
700,ID0000701
701,ID0000702
702,ID0000703
703,ID0000704
704,ID0000705
705,ID0000706
706,ID0000707
707,ID0000708
708,ID0000709
709,ID0000710
710,ID0000711
711,ID0000712
712,ID0000713
713,ID0000714
714,ID0000715
715,ID0000716
716,ID0000717
717,ID0000718
718,ID0000719
719,ID0000720
720,ID0000721
721,ID0000722
722,ID0000723
723,ID0000724
724,ID0000725
725,ID0000726
726,ID0000727
727,ID0000728
728,ID0000729
729,ID0000730
730,ID0000731
731,ID0000732
732,ID0000733
733,ID0000734
734,ID0000735
735,ID0000736
736,ID0000737
737,ID0000738
738,ID0000739
739,ID0000740
740,ID0000741
741,ID0000742
742,ID0000743
743,ID0000744
744,ID0000745
745,ID0000746
746,ID0000747
747,ID0000748
748,ID0000749
749,ID0000750
750,ID0000751
751,ID0000752
752,ID0000753
753,ID0000754
754,ID0000755
755,ID0000756
756,ID0000757
757,ID0000758
758,ID0000759
759,ID0000760
760,ID0000761
761,ID0000762
762,ID0000763
763,ID0000764
764,ID0000765
765,ID0000766
766,ID0000767
767,ID0000768
768,ID0000769
769,ID0000770
770,ID0000771
771,ID0000772
772,ID0000773
773,ID0000774
774,ID0000775
775,ID0000776
776,ID0000777
777,ID0000778
778,ID0000779
779,ID0000780
780,ID0000781
781,ID0000782
782,ID0000783
783,ID0000784
784,ID0000785
785,ID0000786
786,ID0000787
787,ID0000788
788,ID0000789
789,ID0000790
790,ID0000791
791,ID0000792
792,ID0000793
793,ID0000794
794,ID0000795
795,ID0000796
796,ID0000797
797,ID0000798
798,ID0000799
799,ID0000800
800,ID0000801
801,ID0000802
802,ID0000803
803,ID0000804
804,ID0000805
805,ID0000806
806,ID0000807
807,ID0000808
808,ID0000809
809,ID0000810
810,ID0000811
811,ID0000812
812,ID0000813
813,ID0000814
814,ID0000815
815,ID0000816
816,ID0000817
817,ID0000818
818,ID0000819
819,ID0000820
820,ID0000821
821,ID0000822
822,ID0000823
823,ID0000824
824,ID0000825
825,ID0000826
826,ID0000827
827,ID0000828
828,ID0000829
829,ID0000830
830,ID0000831
831,ID0000832
832,ID0000833
833,ID0000834
834,ID0000835
835,ID0000836
836,ID0000837
837,ID0000838
838,ID0000839
839,ID0000840
840,ID0000841
841,ID0000842
842,ID0000843
843,ID0000844
844,ID0000845
845,ID0000846
846,ID0000847
847,ID0000848
848,ID0000849
849,ID0000850
850,ID0000851
851,ID0000852
852,ID0000853
853,ID0000854
854,ID0000855
855,ID0000856
856,ID0000857
857,ID0000858
858,ID0000859
859,ID0000860
860,ID0000861
861,ID0000862
862,ID0000863
863,ID0000864
864,ID0000865
865,ID0000866
866,ID0000867
867,ID0000868
868,ID0000869
869,ID0000870
870,ID0000871
871,ID0000872
872,ID0000873
873,ID0000874
874,ID0000875
875,ID0000876
876,ID0000877
877,ID0000878
878,ID0000879
879,ID0000880
880,ID0000881
881,ID0000882
882,ID0000883
883,ID0000884
884,ID0000885
885,ID0000886
886,ID0000887
887,ID0000888
888,ID0000889
889,ID0000890
890,ID0000891
891,ID0000892
892,ID0000893
893,ID0000894
894,ID0000895
895,ID0000896
896,ID0000897
897,ID0000898
898,ID0000899
899,ID0000900
900,ID0000901
901,ID0000902
902,ID0000903
903,ID0000904
904,ID0000905
905,ID0000906
906,ID0000907
907,ID0000908
908,ID0000909
909,ID0000910
910,ID0000911
911,ID0000912
912,ID0000913
913,ID0000914
914,ID0000915
915,ID0000916
916,ID0000917
917,ID0000918
918,ID0000919
919,ID0000920
920,ID0000921
921,ID0000922
922,ID0000923
923,ID0000924
924,ID0000925
925,ID0000926
926,ID0000927
927,ID0000928
928,ID0000929
929,ID0000930
930,ID0000931
931,ID0000932
932,ID0000933
933,ID0000934
934,ID0000935
935,ID0000936
936,ID0000937
937,ID0000938
938,ID0000939
939,ID0000940
940,ID0000941
941,ID0000942
942,ID0000943
943,ID0000944
944,ID0000945
945,ID0000946
946,ID0000947
947,ID0000948
948,ID0000949
949,ID0000950
950,ID0000951
951,ID0000952
952,ID0000953
953,ID0000954
954,ID0000955
955,ID0000956
956,ID0000957
957,ID0000958
958,ID0000959
959,ID0000960
960,ID0000961
961,ID0000962
962,ID0000963
963,ID0000964
964,ID0000965
965,ID0000966
966,ID0000967
967,ID0000968
968,ID0000969
969,ID0000970
970,ID0000971
971,ID0000972
972,ID0000973
973,ID0000974
974,ID0000975
975,ID0000976
976,ID0000977
977,ID0000978
978,ID0000979
979,ID0000980
980,ID0000981
981,ID0000982
982,ID0000983
983,ID0000984
984,ID0000985
985,ID0000986
986,ID0000987
987,ID0000988
988,ID0000989
989,ID0000990
990,ID0000991
991,ID0000992
992,ID0000993
993,ID0000994
994,ID0000995
995,ID0000996
996,ID0000997
997,ID0000998
998,ID0000999
999,ID0001000
1000,ID0001001
1001,ID0001002
1002,ID0001003
1003,ID0001004
1004,ID0001005
1005,ID0001006
1006,ID0001007
1007,ID0001008
1008,ID0001009
1009,ID0001010
1010,ID0001011
1011,ID0001012
1012,ID0001013
1013,ID0001014
1014,ID0001015
1015,ID0001016
1016,ID0001017
1017,ID0001018
1018,ID0001019
1019,ID0001020
1020,ID0001021
1021,ID0001022
1022,ID0001023
1023,ID0001024
1024,ID0001025
1025,ID0001026
1026,ID0001027
1027,ID0001028
1028,ID0001029
1029,ID0001030
1030,ID0001031
1031,ID0001032
1032,ID0001033
1033,ID0001034
1034,ID0001035
1035,ID0001036
1036,ID0001037
1037,ID0001038
1038,ID0001039
1039,ID0001040
1040,ID0001041
1041,ID0001042
1042,ID0001043
1043,ID0001044
1044,ID0001045
1045,ID0001046
1046,ID0001047
1047,ID0001048
1048,ID0001049
1049,ID0001050
1050,ID0001051
1051,ID0001052
1052,ID0001053
1053,ID0001054
1054,ID0001055
1055,ID0001056
1056,ID0001057
1057,ID0001058
1058,ID0001059
1059,ID0001060
1060,ID0001061
1061,ID0001062
1062,ID0001063
1063,ID0001064
1064,ID0001065
1065,ID0001066
1066,ID0001067
1067,ID0001068
1068,ID0001069
1069,ID0001070
1070,ID0001071
1071,ID0001072
1072,ID0001073
1073,ID0001074
1074,ID0001075
1075,ID0001076
1076,ID0001077
1077,ID0001078
1078,ID0001079
1079,ID0001080
1080,ID0001081
1081,ID0001082
1082,ID0001083
1083,ID0001084
1084,ID0001085
1085,ID0001086
1086,ID0001087
1087,ID0001088
1088,ID0001089
1089,ID0001090
1090,ID0001091
1091,ID0001092
1092,ID0001093
1093,ID0001094
1094,ID0001095
1095,ID0001096
1096,ID0001097
1097,ID0001098
1098,ID0001099
1099,ID0001100
1100,ID0001101
1101,ID0001102
1102,ID0001103
1103,ID0001104
1104,ID0001105
1105,ID0001106
1106,ID0001107
1107,ID0001108
1108,ID0001109
1109,ID0001110
1110,ID0001111
1111,ID0001112
1112,ID0001113
1113,ID0001114
1114,ID0001115
1115,ID0001116
1116,ID0001117
1117,ID0001118
1118,ID0001119
1119,ID0001120
1120,ID0001121
1121,ID0001122
1122,ID0001123
1123,ID0001124
1124,ID0001125
1125,ID0001126
1126,ID0001127
1127,ID0001128
1128,ID0001129
1129,ID0001130
1130,ID0001131
1131,ID0001132
1132,ID0001133
1133,ID0001134
1134,ID0001135
1135,ID0001136
1136,ID0001137
1137,ID0001138
1138,ID0001139
1139,ID0001140
1140,ID0001141
1141,ID0001142
1142,ID0001143
1143,ID0001144
1144,ID0001145
1145,ID0001146
1146,ID0001147
1147,ID0001148
1148,ID0001149
1149,ID0001150
1150,ID0001151
1151,ID0001152
1152,ID0001153
1153,ID0001154
1154,ID0001155
1155,ID0001156
1156,ID0001157
1157,ID0001158
1158,ID0001159
1159,ID0001160
1160,ID0001161
1161,ID0001162
1162,ID0001163
1163,ID0001164
1164,ID0001165
1165,ID0001166
1166,ID0001167
1167,ID0001168
1168,ID0001169
1169,ID0001170
1170,ID0001171
1171,ID0001172
1172,ID0001173
1173,ID0001174
1174,ID0001175
1175,ID0001176
1176,ID0001177
1177,ID0001178
1178,ID0001179
1179,ID0001180
1180,ID0001181
1181,ID0001182
1182,ID0001183
1183,ID0001184
1184,ID0001185
1185,ID0001186
1186,ID0001187
1187,ID0001188
1188,ID0001189
1189,ID0001190
1190,ID0001191
1191,ID0001192
1192,ID0001193
1193,ID0001194
1194,ID0001195
1195,ID0001196
1196,ID0001197
1197,ID0001198
1198,ID0001199
1199,ID0001200
1200,ID0001201
1201,ID0001202
1202,ID0001203
1203,ID0001204
1204,ID0001205
1205,ID0001206
1206,ID0001207
1207,ID0001208
1208,ID0001209
1209,ID0001210
1210,ID0001211
1211,ID0001212
1212,ID0001213
1213,ID0001214
1214,ID0001215
1215,ID0001216
1216,ID0001217
1217,ID0001218
1218,ID0001219
1219,ID0001220
1220,ID0001221
1221,ID0001222
1222,ID0001223
1223,ID0001224
1224,ID0001225
1225,ID0001226
1226,ID0001227
1227,ID0001228
1228,ID0001229
1229,ID0001230
1230,ID0001231
1231,ID0001232
1232,ID0001233
1233,ID0001234
1234,ID0001235
1235,ID0001236
1236,ID0001237
1237,ID0001238
1238,ID0001239
1239,ID0001240
1240,ID0001241
1241,ID0001242
1242,ID0001243
1243,ID0001244
1244,ID0001245
1245,ID0001246
1246,ID0001247
1247,ID0001248
1248,ID0001249
1249,ID0001250
1250,ID0001251
1251,ID0001252
1252,ID0001253
1253,ID0001254
1254,ID0001255
1255,ID0001256
1256,ID0001257
1257,ID0001258
1258,ID0001259
1259,ID0001260
1260,ID0001261
1261,ID0001262
1262,ID0001263
1263,ID0001264
1264,ID0001265
1265,ID0001266
1266,ID0001267
1267,ID0001268
1268,ID0001269
1269,ID0001270
1270,ID0001271
1271,ID0001272
1272,ID0001273
1273,ID0001274
1274,ID0001275
1275,ID0001276
1276,ID0001277
1277,ID0001278
1278,ID0001279
1279,ID0001280
1280,ID0001281
1281,ID0001282
1282,ID0001283
1283,ID0001284
1284,ID0001285
1285,ID0001286
1286,ID0001287
1287,ID0001288
1288,ID0001289
1289,ID0001290
1290,ID0001291
1291,ID0001292
1292,ID0001293
1293,ID0001294
1294,ID0001295
1295,ID0001296
1296,ID0001297
1297,ID0001298
1298,ID0001299
1299,ID0001300
1300,ID0001301
1301,ID0001302
1302,ID0001303
1303,ID0001304
1304,ID0001305
1305,ID0001306
1306,ID0001307
1307,ID0001308
1308,ID0001309
1309,ID0001310
1310,ID0001311
1311,ID0001312
1312,ID0001313
1313,ID0001314
1314,ID0001315
1315,ID0001316
1316,ID0001317
1317,ID0001318
1318,ID0001319
1319,ID0001320
1320,ID0001321
1321,ID0001322
1322,ID0001323
1323,ID0001324
1324,ID0001325
1325,ID0001326
1326,ID0001327
1327,ID0001328
1328,ID0001329
1329,ID0001330
1330,ID0001331
1331,ID0001332
1332,ID0001333
1333,ID0001334
1334,ID0001335
1335,ID0001336
1336,ID0001337
1337,ID0001338
1338,ID0001339
1339,ID0001340
1340,ID0001341
1341,ID0001342
1342,ID0001343
1343,ID0001344
1344,ID0001345
1345,ID0001346
1346,ID0001347
1347,ID0001348
1348,ID0001349
1349,ID0001350
1350,ID0001351
1351,ID0001352
1352,ID0001353
1353,ID0001354
1354,ID0001355
1355,ID0001356
1356,ID0001357
1357,ID0001358
1358,ID0001359
1359,ID0001360
1360,ID0001361
1361,ID0001362
1362,ID0001363
1363,ID0001364
1364,ID0001365
1365,ID0001366
1366,ID0001367
1367,ID0001368
1368,ID0001369
1369,ID0001370
1370,ID0001371
1371,ID0001372
1372,ID0001373
1373,ID0001374
1374,ID0001375
1375,ID0001376
1376,ID0001377
1377,ID0001378
1378,ID0001379
1379,ID0001380
1380,ID0001381
1381,ID0001382
1382,ID0001383
1383,ID0001384
1384,ID0001385
1385,ID0001386
1386,ID0001387
1387,ID0001388
1388,ID0001389
1389,ID0001390
1390,ID0001391
1391,ID0001392
1392,ID0001393
1393,ID0001394
1394,ID0001395
1395,ID0001396
1396,ID0001397
1397,ID0001398
1398,ID0001399
1399,ID0001400
1400,ID0001401
1401,ID0001402
1402,ID0001403
1403,ID0001404
1404,ID0001405
1405,ID0001406
1406,ID0001407
1407,ID0001408
1408,ID0001409
1409,ID0001410
1410,ID0001411
1411,ID0001412
1412,ID0001413
1413,ID0001414
1414,ID0001415
1415,ID0001416
1416,ID0001417
1417,ID0001418
1418,ID0001419
1419,ID0001420
1420,ID0001421
1421,ID0001422
1422,ID0001423
1423,ID0001424
1424,ID0001425
1425,ID0001426
1426,ID0001427
1427,ID0001428
1428,ID0001429
1429,ID0001430
1430,ID0001431
1431,ID0001432
1432,ID0001433
1433,ID0001434
1434,ID0001435
1435,ID0001436
1436,ID0001437
1437,ID0001438
1438,ID0001439
1439,ID0001440
1440,ID0001441
1441,ID0001442
1442,ID0001443
1443,ID0001444
1444,ID0001445
1445,ID0001446
1446,ID0001447
1447,ID0001448
1448,ID0001449
1449,ID0001450
1450,ID0001451
1451,ID0001452
1452,ID0001453
1453,ID0001454
1454,ID0001455
1455,ID0001456
1456,ID0001457
1457,ID0001458
1458,ID0001459
1459,ID0001460
1460,ID0001461
1461,ID0001462
1462,ID0001463
1463,ID0001464
1464,ID0001465
1465,ID0001466
1466,ID0001467
1467,ID0001468
1468,ID0001469
1469,ID0001470
1470,ID0001471
1471,ID0001472
1472,ID0001473
1473,ID0001474
1474,ID0001475
1475,ID0001476
1476,ID0001477
1477,ID0001478
1478,ID0001479
1479,ID0001480
1480,ID0001481
1481,ID0001482
1482,ID0001483
1483,ID0001484
1484,ID0001485
1485,ID0001486
1486,ID0001487
1487,ID0001488
1488,ID0001489
1489,ID0001490
1490,ID0001491
1491,ID0001492
1492,ID0001493
1493,ID0001494
1494,ID0001495
1495,ID0001496
1496,ID0001497
1497,ID0001498
1498,ID0001499
1499,ID0001500
1500,ID0001501
1501,ID0001502
1502,ID0001503
1503,ID0001504
1504,ID0001505
1505,ID0001506
1506,ID0001507
1507,ID0001508
1508,ID0001509
1509,ID0001510
1510,ID0001511
1511,ID0001512
1512,ID0001513
1513,ID0001514
1514,ID0001515
1515,ID0001516
1516,ID0001517
1517,ID0001518
1518,ID0001519
1519,ID0001520
1520,ID0001521
1521,ID0001522
1522,ID0001523
1523,ID0001524
1524,ID0001525
1525,ID0001526
1526,ID0001527
1527,ID0001528
1528,ID0001529
1529,ID0001530
1530,ID0001531
1531,ID0001532
1532,ID0001533
1533,ID0001534
1534,ID0001535
1535,ID0001536
1536,ID0001537
1537,ID0001538
1538,ID0001539
1539,ID0001540
1540,ID0001541
1541,ID0001542
1542,ID0001543
1543,ID0001544
1544,ID0001545
1545,ID0001546
1546,ID0001547
1547,ID0001548
1548,ID0001549
1549,ID0001550
1550,ID0001551
1551,ID0001552
1552,ID0001553
1553,ID0001554
1554,ID0001555
1555,ID0001556
1556,ID0001557
1557,ID0001558
1558,ID0001559
1559,ID0001560
1560,ID0001561
1561,ID0001562
1562,ID0001563
1563,ID0001564
1564,ID0001565
1565,ID0001566
1566,ID0001567
1567,ID0001568
1568,ID0001569
1569,ID0001570
1570,ID0001571
1571,ID0001572
1572,ID0001573
1573,ID0001574
1574,ID0001575
1575,ID0001576
1576,ID0001577
1577,ID0001578
1578,ID0001579
1579,ID0001580
1580,ID0001581
1581,ID0001582
1582,ID0001583
1583,ID0001584
1584,ID0001585
1585,ID0001586
1586,ID0001587
1587,ID0001588
1588,ID0001589
1589,ID0001590
1590,ID0001591
1591,ID0001592
1592,ID0001593
1593,ID0001594
1594,ID0001595
1595,ID0001596
1596,ID0001597
1597,ID0001598
1598,ID0001599
1599,ID0001600
1600,ID0001601
1601,ID0001602
1602,ID0001603
1603,ID0001604
1604,ID0001605
1605,ID0001606
1606,ID0001607
1607,ID0001608
1608,ID0001609
1609,ID0001610
1610,ID0001611
1611,ID0001612
1612,ID0001613
1613,ID0001614
1614,ID0001615
1615,ID0001616
1616,ID0001617
1617,ID0001618
1618,ID0001619
1619,ID0001620
1620,ID0001621
1621,ID0001622
1622,ID0001623
1623,ID0001624
1624,ID0001625
1625,ID0001626
1626,ID0001627
1627,ID0001628
1628,ID0001629
1629,ID0001630
1630,ID0001631
1631,ID0001632
1632,ID0001633
1633,ID0001634
1634,ID0001635
1635,ID0001636
1636,ID0001637
1637,ID0001638
1638,ID0001639
1639,ID0001640
1640,ID0001641
1641,ID0001642
1642,ID0001643
1643,ID0001644
1644,ID0001645
1645,ID0001646
1646,ID0001647
1647,ID0001648
1648,ID0001649
1649,ID0001650
1650,ID0001651
1651,ID0001652
1652,ID0001653
1653,ID0001654
1654,ID0001655
1655,ID0001656
1656,ID0001657
1657,ID0001658
1658,ID0001659
1659,ID0001660
1660,ID0001661
1661,ID0001662
1662,ID0001663
1663,ID0001664
1664,ID0001665
1665,ID0001666
1666,ID0001667
1667,ID0001668
1668,ID0001669
1669,ID0001670
1670,ID0001671
1671,ID0001672
1672,ID0001673
1673,ID0001674
1674,ID0001675
1675,ID0001676
1676,ID0001677
1677,ID0001678
1678,ID0001679
1679,ID0001680
1680,ID0001681
1681,ID0001682
1682,ID0001683
1683,ID0001684
1684,ID0001685
1685,ID0001686
1686,ID0001687
1687,ID0001688
1688,ID0001689
1689,ID0001690
1690,ID0001691
1691,ID0001692
1692,ID0001693
1693,ID0001694
1694,ID0001695
1695,ID0001696
1696,ID0001697
1697,ID0001698
1698,ID0001699
1699,ID0001700
1700,ID0001701
1701,ID0001702
1702,ID0001703
1703,ID0001704
1704,ID0001705
1705,ID0001706
1706,ID0001707
1707,ID0001708
1708,ID0001709
1709,ID0001710
1710,ID0001711
1711,ID0001712
1712,ID0001713
1713,ID0001714
1714,ID0001715
1715,ID0001716
1716,ID0001717
1717,ID0001718
1718,ID0001719
1719,ID0001720
1720,ID0001721
1721,ID0001722
1722,ID0001723
1723,ID0001724
1724,ID0001725
1725,ID0001726
1726,ID0001727
1727,ID0001728
1728,ID0001729
1729,ID0001730
1730,ID0001731
1731,ID0001732
1732,ID0001733
1733,ID0001734
1734,ID0001735
1735,ID0001736
1736,ID0001737
1737,ID0001738
1738,ID0001739
1739,ID0001740
1740,ID0001741
1741,ID0001742
1742,ID0001743
1743,ID0001744
1744,ID0001745
1745,ID0001746
1746,ID0001747
1747,ID0001748
1748,ID0001749
1749,ID0001750
1750,ID0001751
1751,ID0001752
1752,ID0001753
1753,ID0001754
1754,ID0001755
1755,ID0001756
1756,ID0001757
1757,ID0001758
1758,ID0001759
1759,ID0001760
1760,ID0001761
1761,ID0001762
1762,ID0001763
1763,ID0001764
1764,ID0001765
1765,ID0001766
1766,ID0001767
1767,ID0001768
1768,ID0001769
1769,ID0001770
1770,ID0001771
1771,ID0001772
1772,ID0001773
1773,ID0001774
1774,ID0001775
1775,ID0001776
1776,ID0001777
1777,ID0001778
1778,ID0001779
1779,ID0001780
1780,ID0001781
1781,ID0001782
1782,ID0001783
1783,ID0001784
1784,ID0001785
1785,ID0001786
1786,ID0001787
1787,ID0001788
1788,ID0001789
1789,ID0001790
1790,ID0001791
1791,ID0001792
1792,ID0001793
1793,ID0001794
1794,ID0001795
1795,ID0001796
1796,ID0001797
1797,ID0001798
1798,ID0001799
1799,ID0001800
1800,ID0001801
1801,ID0001802
1802,ID0001803
1803,ID0001804
1804,ID0001805
1805,ID0001806
1806,ID0001807
1807,ID0001808
1808,ID0001809
1809,ID0001810
1810,ID0001811
1811,ID0001812
1812,ID0001813
1813,ID0001814
1814,ID0001815
1815,ID0001816
1816,ID0001817
1817,ID0001818
1818,ID0001819
1819,ID0001820
1820,ID0001821
1821,ID0001822
1822,ID0001823
1823,ID0001824
1824,ID0001825
1825,ID0001826
1826,ID0001827
1827,ID0001828
1828,ID0001829
1829,ID0001830
1830,ID0001831
1831,ID0001832
1832,ID0001833
1833,ID0001834
1834,ID0001835
1835,ID0001836
1836,ID0001837
1837,ID0001838
1838,ID0001839
1839,ID0001840
1840,ID0001841
1841,ID0001842
1842,ID0001843
1843,ID0001844
1844,ID0001845
1845,ID0001846
1846,ID0001847
1847,ID0001848
1848,ID0001849
1849,ID0001850
1850,ID0001851
1851,ID0001852
1852,ID0001853
1853,ID0001854
1854,ID0001855
1855,ID0001856
1856,ID0001857
1857,ID0001858
1858,ID0001859
1859,ID0001860
1860,ID0001861
1861,ID0001862
1862,ID0001863
1863,ID0001864
1864,ID0001865
1865,ID0001866
1866,ID0001867
1867,ID0001868
1868,ID0001869
1869,ID0001870
1870,ID0001871
1871,ID0001872
1872,ID0001873
1873,ID0001874
1874,ID0001875
1875,ID0001876
1876,ID0001877
1877,ID0001878
1878,ID0001879
1879,ID0001880
1880,ID0001881
1881,ID0001882
1882,ID0001883
1883,ID0001884
1884,ID0001885
1885,ID0001886
1886,ID0001887
1887,ID0001888
1888,ID0001889
1889,ID0001890
1890,ID0001891
1891,ID0001892
1892,ID0001893
1893,ID0001894
1894,ID0001895
1895,ID0001896
1896,ID0001897
1897,ID0001898
1898,ID0001899
1899,ID0001900
1900,ID0001901
1901,ID0001902
1902,ID0001903
1903,ID0001904
1904,ID0001905
1905,ID0001906
1906,ID0001907
1907,ID0001908
1908,ID0001909
1909,ID0001910
1910,ID0001911
1911,ID0001912
1912,ID0001913
1913,ID0001914
1914,ID0001915
1915,ID0001916
1916,ID0001917
1917,ID0001918
1918,ID0001919
1919,ID0001920
1920,ID0001921
1921,ID0001922
1922,ID0001923
1923,ID0001924
1924,ID0001925
1925,ID0001926
1926,ID0001927
1927,ID0001928
1928,ID0001929
1929,ID0001930
1930,ID0001931
1931,ID0001932
1932,ID0001933
1933,ID0001934
1934,ID0001935
1935,ID0001936
1936,ID0001937
1937,ID0001938
1938,ID0001939
1939,ID0001940
1940,ID0001941
1941,ID0001942
1942,ID0001943
1943,ID0001944
1944,ID0001945
1945,ID0001946
1946,ID0001947
1947,ID0001948
1948,ID0001949
1949,ID0001950
1950,ID0001951
1951,ID0001952
1952,ID0001953
1953,ID0001954
1954,ID0001955
1955,ID0001956
1956,ID0001957
1957,ID0001958
1958,ID0001959
1959,ID0001960
1960,ID0001961
1961,ID0001962
1962,ID0001963
1963,ID0001964
1964,ID0001965
1965,ID0001966
1966,ID0001967
1967,ID0001968
1968,ID0001969
1969,ID0001970
1970,ID0001971
1971,ID0001972
1972,ID0001973
1973,ID0001974
1974,ID0001975
1975,ID0001976
1976,ID0001977
1977,ID0001978
1978,ID0001979
1979,ID0001980
1980,ID0001981
1981,ID0001982
1982,ID0001983
1983,ID0001984
1984,ID0001985
1985,ID0001986
1986,ID0001987
1987,ID0001988
1988,ID0001989
1989,ID0001990
1990,ID0001991
1991,ID0001992
1992,ID0001993
1993,ID0001994
1994,ID0001995
1995,ID0001996
1996,ID0001997
1997,ID0001998
1998,ID0001999
1999,ID0002000
2000,ID0002001
2001,ID0002002
2002,ID0002003
2003,ID0002004
2004,ID0002005
2005,ID0002006
2006,ID0002007
2007,ID0002008
2008,ID0002009
2009,ID0002010
2010,ID0002011
2011,ID0002012
2012,ID0002013
2013,ID0002014
2014,ID0002015
2015,ID0002016
2016,ID0002017
2017,ID0002018
2018,ID0002019
2019,ID0002020
2020,ID0002021
2021,ID0002022
2022,ID0002023
2023,ID0002024
2024,ID0002025
2025,ID0002026
2026,ID0002027
2027,ID0002028
2028,ID0002029
2029,ID0002030
2030,ID0002031
2031,ID0002032
2032,ID0002033
2033,ID0002034
2034,ID0002035
2035,ID0002036
2036,ID0002037
2037,ID0002038
2038,ID0002039
2039,ID0002040
2040,ID0002041
2041,ID0002042
2042,ID0002043
2043,ID0002044
2044,ID0002045
2045,ID0002046
2046,ID0002047
2047,ID0002048
2048,ID0002049
2049,ID0002050
2050,ID0002051
2051,ID0002052
2052,ID0002053
2053,ID0002054
2054,ID0002055
2055,ID0002056
2056,ID0002057
2057,ID0002058
2058,ID0002059
2059,ID0002060
2060,ID0002061
2061,ID0002062
2062,ID0002063
2063,ID0002064
2064,ID0002065
2065,ID0002066
2066,ID0002067
2067,ID0002068
2068,ID0002069
2069,ID0002070
2070,ID0002071
2071,ID0002072
2072,ID0002073
2073,ID0002074
2074,ID0002075
2075,ID0002076
2076,ID0002077
2077,ID0002078
2078,ID0002079
2079,ID0002080
2080,ID0002081
2081,ID0002082
2082,ID0002083
2083,ID0002084
2084,ID0002085
2085,ID0002086
2086,ID0002087
2087,ID0002088
2088,ID0002089
2089,ID0002090
2090,ID0002091
2091,ID0002092
2092,ID0002093
2093,ID0002094
2094,ID0002095
2095,ID0002096
2096,ID0002097
2097,ID0002098
2098,ID0002099
2099,ID0002100
2100,ID0002101
2101,ID0002102
2102,ID0002103
2103,ID0002104
2104,ID0002105
2105,ID0002106
2106,ID0002107
2107,ID0002108
2108,ID0002109
2109,ID0002110
2110,ID0002111
2111,ID0002112
2112,ID0002113
2113,ID0002114
2114,ID0002115
2115,ID0002116
2116,ID0002117
2117,ID0002118
2118,ID0002119
2119,ID0002120
2120,ID0002121
2121,ID0002122
2122,ID0002123
2123,ID0002124
2124,ID0002125
2125,ID0002126
2126,ID0002127
2127,ID0002128
2128,ID0002129
2129,ID0002130
2130,ID0002131
2131,ID0002132
2132,ID0002133
2133,ID0002134
2134,ID0002135
2135,ID0002136
2136,ID0002137
2137,ID0002138
2138,ID0002139
2139,ID0002140
2140,ID0002141
2141,ID0002142
2142,ID0002143
2143,ID0002144
2144,ID0002145
2145,ID0002146
2146,ID0002147
2147,ID0002148
2148,ID0002149
2149,ID0002150
2150,ID0002151
2151,ID0002152
2152,ID0002153
2153,ID0002154
2154,ID0002155
2155,ID0002156
2156,ID0002157
2157,ID0002158
2158,ID0002159
2159,ID0002160
2160,ID0002161
2161,ID0002162
2162,ID0002163
2163,ID0002164
2164,ID0002165
2165,ID0002166
2166,ID0002167
2167,ID0002168
2168,ID0002169
2169,ID0002170
2170,ID0002171
2171,ID0002172
2172,ID0002173
2173,ID0002174
2174,ID0002175
2175,ID0002176
2176,ID0002177
2177,ID0002178
2178,ID0002179
2179,ID0002180
2180,ID0002181
2181,ID0002182
2182,ID0002183
2183,ID0002184
2184,ID0002185
2185,ID0002186
2186,ID0002187
2187,ID0002188
2188,ID0002189
2189,ID0002190
2190,ID0002191
2191,ID0002192
2192,ID0002193
2193,ID0002194
2194,ID0002195
2195,ID0002196
2196,ID0002197
2197,ID0002198
2198,ID0002199
2199,ID0002200
2200,ID0002201
2201,ID0002202
2202,ID0002203
2203,ID0002204
2204,ID0002205
2205,ID0002206
2206,ID0002207
2207,ID0002208
2208,ID0002209
2209,ID0002210
2210,ID0002211
2211,ID0002212
2212,ID0002213
2213,ID0002214
2214,ID0002215
2215,ID0002216
2216,ID0002217
2217,ID0002218
2218,ID0002219
2219,ID0002220
2220,ID0002221
2221,ID0002222
2222,ID0002223
2223,ID0002224
2224,ID0002225
2225,ID0002226
2226,ID0002227
2227,ID0002228
2228,ID0002229
2229,ID0002230
2230,ID0002231
2231,ID0002232
2232,ID0002233
2233,ID0002234
2234,ID0002235
2235,ID0002236
2236,ID0002237
2237,ID0002238
2238,ID0002239
2239,ID0002240
2240,ID0002241
2241,ID0002242
2242,ID0002243
2243,ID0002244
2244,ID0002245
2245,ID0002246
2246,ID0002247
2247,ID0002248
2248,ID0002249
2249,ID0002250
2250,ID0002251
2251,ID0002252
2252,ID0002253
2253,ID0002254
2254,ID0002255
2255,ID0002256
2256,ID0002257
2257,ID0002258
2258,ID0002259
2259,ID0002260
2260,ID0002261
2261,ID0002262
2262,ID0002263
2263,ID0002264
2264,ID0002265
2265,ID0002266
2266,ID0002267
2267,ID0002268
2268,ID0002269
2269,ID0002270
2270,ID0002271
2271,ID0002272
2272,ID0002273
2273,ID0002274
2274,ID0002275
2275,ID0002276
2276,ID0002277
2277,ID0002278
2278,ID0002279
2279,ID0002280
2280,ID0002281
2281,ID0002282
2282,ID0002283
2283,ID0002284
2284,ID0002285
2285,ID0002286
2286,ID0002287
2287,ID0002288
2288,ID0002289
2289,ID0002290
2290,ID0002291
2291,ID0002292
2292,ID0002293
2293,ID0002294
2294,ID0002295
2295,ID0002296
2296,ID0002297
2297,ID0002298
2298,ID0002299
2299,ID0002300
2300,ID0002301
2301,ID0002302
2302,ID0002303
2303,ID0002304
2304,ID0002305
2305,ID0002306
2306,ID0002307
2307,ID0002308
2308,ID0002309
2309,ID0002310
2310,ID0002311
2311,ID0002312
2312,ID0002313
2313,ID0002314
2314,ID0002315
2315,ID0002316
2316,ID0002317
2317,ID0002318
2318,ID0002319
2319,ID0002320
2320,ID0002321
2321,ID0002322
2322,ID0002323
2323,ID0002324
2324,ID0002325
2325,ID0002326
2326,ID0002327
2327,ID0002328
2328,ID0002329
2329,ID0002330
2330,ID0002331
2331,ID0002332
2332,ID0002333
2333,ID0002334
2334,ID0002335
2335,ID0002336
2336,ID0002337
2337,ID0002338
2338,ID0002339
2339,ID0002340
2340,ID0002341
2341,ID0002342
2342,ID0002343
2343,ID0002344
2344,ID0002345
2345,ID0002346
2346,ID0002347
2347,ID0002348
2348,ID0002349
2349,ID0002350
2350,ID0002351
2351,ID0002352
2352,ID0002353
2353,ID0002354
2354,ID0002355
2355,ID0002356
2356,ID0002357
2357,ID0002358
2358,ID0002359
2359,ID0002360
2360,ID0002361
2361,ID0002362
2362,ID0002363
2363,ID0002364
2364,ID0002365
2365,ID0002366
2366,ID0002367
2367,ID0002368
2368,ID0002369
2369,ID0002370
2370,ID0002371
2371,ID0002372
2372,ID0002373
2373,ID0002374
2374,ID0002375
2375,ID0002376
2376,ID0002377
2377,ID0002378
2378,ID0002379
2379,ID0002380
2380,ID0002381
2381,ID0002382
2382,ID0002383
2383,ID0002384
2384,ID0002385
2385,ID0002386
2386,ID0002387
2387,ID0002388
2388,ID0002389
2389,ID0002390
2390,ID0002391
2391,ID0002392
2392,ID0002393
2393,ID0002394
2394,ID0002395
2395,ID0002396
2396,ID0002397
2397,ID0002398
2398,ID0002399
2399,ID0002400
2400,ID0002401
2401,ID0002402
2402,ID0002403
2403,ID0002404
2404,ID0002405
2405,ID0002406
2406,ID0002407
2407,ID0002408
2408,ID0002409
2409,ID0002410
2410,ID0002411
2411,ID0002412
2412,ID0002413
2413,ID0002414
2414,ID0002415
2415,ID0002416
2416,ID0002417
2417,ID0002418
2418,ID0002419
2419,ID0002420
2420,ID0002421
2421,ID0002422
2422,ID0002423
2423,ID0002424
2424,ID0002425
2425,ID0002426
2426,ID0002427
2427,ID0002428
2428,ID0002429
2429,ID0002430
2430,ID0002431
2431,ID0002432
2432,ID0002433
2433,ID0002434
2434,ID0002435
2435,ID0002436
2436,ID0002437
2437,ID0002438
2438,ID0002439
2439,ID0002440
2440,ID0002441
2441,ID0002442
2442,ID0002443
2443,ID0002444
2444,ID0002445
2445,ID0002446
2446,ID0002447
2447,ID0002448
2448,ID0002449
2449,ID0002450
2450,ID0002451
2451,ID0002452
2452,ID0002453
2453,ID0002454
2454,ID0002455
2455,ID0002456
2456,ID0002457
2457,ID0002458
2458,ID0002459
2459,ID0002460
2460,ID0002461
2461,ID0002462
2462,ID0002463
2463,ID0002464
2464,ID0002465
2465,ID0002466
2466,ID0002467
2467,ID0002468
2468,ID0002469
2469,ID0002470
2470,ID0002471
2471,ID0002472
2472,ID0002473
2473,ID0002474
2474,ID0002475
2475,ID0002476
2476,ID0002477
2477,ID0002478
2478,ID0002479
2479,ID0002480
2480,ID0002481
2481,ID0002482
2482,ID0002483
2483,ID0002484
2484,ID0002485
2485,ID0002486
2486,ID0002487
2487,ID0002488
2488,ID0002489
2489,ID0002490
2490,ID0002491
2491,ID0002492
2492,ID0002493
2493,ID0002494
2494,ID0002495
2495,ID0002496
2496,ID0002497
2497,ID0002498
2498,ID0002499
2499,ID0002500
2500,ID0002501
2501,ID0002502
2502,ID0002503
2503,ID0002504
2504,ID0002505
2505,ID0002506
2506,ID0002507
2507,ID0002508
2508,ID0002509
2509,ID0002510
2510,ID0002511
2511,ID0002512
2512,ID0002513
2513,ID0002514
2514,ID0002515
2515,ID0002516
2516,ID0002517
2517,ID0002518
2518,ID0002519
2519,ID0002520
2520,ID0002521
2521,ID0002522
2522,ID0002523
2523,ID0002524
2524,ID0002525
2525,ID0002526
2526,ID0002527
2527,ID0002528
2528,ID0002529
2529,ID0002530
2530,ID0002531
2531,ID0002532
2532,ID0002533
2533,ID0002534
2534,ID0002535
2535,ID0002536
2536,ID0002537
2537,ID0002538
2538,ID0002539
2539,ID0002540
2540,ID0002541
2541,ID0002542
2542,ID0002543
2543,ID0002544
2544,ID0002545
2545,ID0002546
2546,ID0002547
2547,ID0002548
2548,ID0002549
2549,ID0002550
2550,ID0002551
2551,ID0002552
2552,ID0002553
2553,ID0002554
2554,ID0002555
2555,ID0002556
2556,ID0002557
2557,ID0002558
2558,ID0002559
2559,ID0002560
2560,ID0002561
2561,ID0002562
2562,ID0002563
2563,ID0002564
2564,ID0002565
2565,ID0002566
2566,ID0002567
2567,ID0002568
2568,ID0002569
2569,ID0002570
2570,ID0002571
2571,ID0002572
2572,ID0002573
2573,ID0002574
2574,ID0002575
2575,ID0002576
2576,ID0002577
2577,ID0002578
2578,ID0002579
2579,ID0002580
2580,ID0002581
2581,ID0002582
2582,ID0002583
2583,ID0002584
2584,ID0002585
2585,ID0002586
2586,ID0002587
2587,ID0002588
2588,ID0002589
2589,ID0002590
2590,ID0002591
2591,ID0002592
2592,ID0002593
2593,ID0002594
2594,ID0002595
2595,ID0002596
2596,ID0002597
2597,ID0002598
2598,ID0002599
2599,ID0002600
2600,ID0002601
2601,ID0002602
2602,ID0002603
2603,ID0002604
2604,ID0002605
2605,ID0002606
2606,ID0002607
2607,ID0002608
2608,ID0002609
2609,ID0002610
2610,ID0002611
2611,ID0002612
2612,ID0002613
2613,ID0002614
2614,ID0002615
2615,ID0002616
2616,ID0002617
2617,ID0002618
2618,ID0002619
2619,ID0002620
2620,ID0002621
2621,ID0002622
2622,ID0002623
2623,ID0002624
2624,ID0002625
2625,ID0002626
2626,ID0002627
2627,ID0002628
2628,ID0002629
2629,ID0002630
2630,ID0002631
2631,ID0002632
2632,ID0002633
2633,ID0002634
2634,ID0002635
2635,ID0002636
2636,ID0002637
2637,ID0002638
2638,ID0002639
2639,ID0002640
2640,ID0002641
2641,ID0002642
2642,ID0002643
2643,ID0002644
2644,ID0002645
2645,ID0002646
2646,ID0002647
2647,ID0002648
2648,ID0002649
2649,ID0002650
2650,ID0002651
2651,ID0002652
2652,ID0002653
2653,ID0002654
2654,ID0002655
2655,ID0002656
2656,ID0002657
2657,ID0002658
2658,ID0002659
2659,ID0002660
